-- ============================================================
--  EmpNexus Seed Data  (50+ rows each table)
-- ============================================================

-- Departments (10)
INSERT INTO Department (dept_name, location) VALUES
  ('Engineering',       'Building A, Floor 3'),
  ('Human Resources',   'Building B, Floor 1'),
  ('Finance',           'Building B, Floor 2'),
  ('Marketing',         'Building C, Floor 1'),
  ('Operations',        'Building A, Floor 1'),
  ('Sales',             'Building C, Floor 2'),
  ('Legal',             'Building D, Floor 1'),
  ('Research & Dev',    'Building A, Floor 4'),
  ('Customer Support',  'Building E, Floor 1'),
  ('IT Infrastructure', 'Building A, Floor 2');

-- Roles (10)
INSERT INTO Role (role_name, title) VALUES
  ('admin',    'System Administrator'),
  ('manager',  'Department Manager'),
  ('engineer', 'Software Engineer'),
  ('analyst',  'Business Analyst'),
  ('hr',       'HR Specialist'),
  ('finance',  'Finance Officer'),
  ('sales',    'Sales Executive'),
  ('support',  'Support Agent'),
  ('intern',   'Intern'),
  ('director', 'Director');

-- Employees (60)
INSERT INTO Employee (name, address, gender, email, phone, dob, dept_id, salary) VALUES
  ('Arjun Sharma',      '12 MG Road, Bangalore',        'Male',   'arjun.sharma@empnexus.com',      '9876543210', '1988-03-15', 1, 95000),
  ('Priya Patel',       '45 Park St, Mumbai',            'Female', 'priya.patel@empnexus.com',       '9876543211', '1992-07-22', 2, 72000),
  ('Rahul Gupta',       '78 Civil Lines, Delhi',         'Male',   'rahul.gupta@empnexus.com',       '9876543212', '1990-11-30', 3, 88000),
  ('Anjali Singh',      '23 Connaught Place, Delhi',     'Female', 'anjali.singh@empnexus.com',      '9876543213', '1994-05-18', 4, 65000),
  ('Vikram Nair',       '56 Indiranagar, Bangalore',     'Male',   'vikram.nair@empnexus.com',       '9876543214', '1986-09-25', 5, 82000),
  ('Neha Reddy',        '89 Banjara Hills, Hyderabad',   'Female', 'neha.reddy@empnexus.com',        '9876543215', '1991-12-10', 6, 70000),
  ('Suresh Kumar',      '34 Anna Nagar, Chennai',        'Male',   'suresh.kumar@empnexus.com',      '9876543216', '1985-04-07', 7, 110000),
  ('Kavita Desai',      '67 FC Road, Pune',              'Female', 'kavita.desai@empnexus.com',      '9876543217', '1993-08-14', 8, 90000),
  ('Amit Joshi',        '90 Salt Lake, Kolkata',         'Male',   'amit.joshi@empnexus.com',        '9876543218', '1989-02-28', 9, 60000),
  ('Deepa Menon',       '13 Marine Drive, Mumbai',       'Female', 'deepa.menon@empnexus.com',       '9876543219', '1995-06-03', 10, 75000),
  ('Rajesh Verma',      '27 Sector 21, Noida',           'Male',   'rajesh.verma@empnexus.com',      '9876543220', '1987-10-19', 1, 98000),
  ('Sunita Agarwal',    '50 Civil Hospital Rd, Jaipur',  'Female', 'sunita.agarwal@empnexus.com',    '9876543221', '1990-01-25', 2, 68000),
  ('Manish Tiwari',     '73 Hazratganj, Lucknow',        'Male',   'manish.tiwari@empnexus.com',     '9876543222', '1988-07-08', 3, 85000),
  ('Ritu Saxena',       '96 Koregaon Park, Pune',        'Female', 'ritu.saxena@empnexus.com',       '9876543223', '1992-11-15', 4, 62000),
  ('Arun Pillai',       '19 Vashi, Navi Mumbai',         'Male',   'arun.pillai@empnexus.com',       '9876543224', '1984-03-22', 5, 92000),
  ('Pooja Bhatt',       '42 Lajpat Nagar, Delhi',        'Female', 'pooja.bhatt@empnexus.com',       '9876543225', '1993-09-29', 6, 74000),
  ('Kiran Rao',         '65 Whitefield, Bangalore',      'Male',   'kiran.rao@empnexus.com',         '9876543226', '1991-05-05', 7, 105000),
  ('Meena Krishnan',    '88 T Nagar, Chennai',           'Female', 'meena.krishnan@empnexus.com',    '9876543227', '1989-12-12', 8, 87000),
  ('Anand Dubey',       '11 Gomti Nagar, Lucknow',       'Male',   'anand.dubey@empnexus.com',       '9876543228', '1994-04-19', 9, 58000),
  ('Shruti Mishra',     '34 Shivaji Nagar, Pune',        'Female', 'shruti.mishra@empnexus.com',     '9876543229', '1996-08-26', 10, 72000),
  ('Dev Chopra',        '57 Sector 17, Chandigarh',      'Male',   'dev.chopra@empnexus.com',        '9876543230', '1986-02-02', 1, 94000),
  ('Lalita Bose',       '80 Bhawanipur, Kolkata',        'Female', 'lalita.bose@empnexus.com',       '9876543231', '1990-06-09', 2, 70000),
  ('Rohit Malhotra',    '03 Saket, Delhi',               'Male',   'rohit.malhotra@empnexus.com',    '9876543232', '1988-10-16', 3, 83000),
  ('Divya Kapoor',      '26 Satellite, Ahmedabad',       'Female', 'divya.kapoor@empnexus.com',      '9876543233', '1993-02-23', 4, 67000),
  ('Sanjay Pandey',     '49 Boring Road, Patna',         'Male',   'sanjay.pandey@empnexus.com',     '9876543234', '1985-07-01', 5, 80000),
  ('Nisha Kulkarni',    '72 Camp Area, Pune',            'Female', 'nisha.kulkarni@empnexus.com',    '9876543235', '1992-11-08', 6, 71000),
  ('Tarun Bansal',      '95 Model Town, Ludhiana',       'Male',   'tarun.bansal@empnexus.com',      '9876543236', '1991-03-15', 7, 108000),
  ('Ananya Ghosh',      '18 Lake Town, Kolkata',         'Female', 'ananya.ghosh@empnexus.com',      '9876543237', '1989-07-22', 8, 89000),
  ('Vivek Srivastava',  '41 Alambagh, Lucknow',          'Male',   'vivek.srivastava@empnexus.com',  '9876543238', '1994-11-29', 9, 59000),
  ('Preeti Narayanan',  '64 Jayanagar, Bangalore',       'Female', 'preeti.narayanan@empnexus.com',  '9876543239', '1996-04-06', 10, 73000),
  ('Gaurav Mehta',      '87 Juhu, Mumbai',               'Male',   'gaurav.mehta@empnexus.com',      '9876543240', '1987-08-13', 1, 96000),
  ('Shilpa Yadav',      '10 Sector 62, Noida',           'Female', 'shilpa.yadav@empnexus.com',      '9876543241', '1991-12-20', 2, 66000),
  ('Prakash Iyer',      '33 Adyar, Chennai',             'Male',   'prakash.iyer@empnexus.com',      '9876543242', '1988-04-27', 3, 86000),
  ('Kavya Mohan',       '56 Electronic City, Bangalore', 'Female', 'kavya.mohan@empnexus.com',       '9876543243', '1993-08-05', 4, 64000),
  ('Nitin Shukla',      '79 Kankarbagh, Patna',          'Male',   'nitin.shukla@empnexus.com',      '9876543244', '1984-12-11', 5, 84000),
  ('Rashmi Chatterjee', '02 Gariahat, Kolkata',          'Female', 'rashmi.chatterjee@empnexus.com', '9876543245', '1992-04-19', 6, 75000),
  ('Ankur Tripathi',    '25 Tilak Nagar, Delhi',         'Male',   'ankur.tripathi@empnexus.com',    '9876543246', '1990-08-26', 7, 102000),
  ('Geeta Subramaniam', '48 Besant Nagar, Chennai',      'Female', 'geeta.subramaniam@empnexus.com', '9876543247', '1989-01-02', 8, 88000),
  ('Harish Dixit',      '71 Vaishali, Ghaziabad',        'Male',   'harish.dixit@empnexus.com',      '9876543248', '1995-05-09', 9, 57000),
  ('Madhuri Patil',     '94 Kothrud, Pune',              'Female', 'madhuri.patil@empnexus.com',     '9876543249', '1997-09-16', 10, 74000),
  ('Saurabh Sinha',     '17 Rajouri Garden, Delhi',      'Male',   'saurabh.sinha@empnexus.com',     '9876543250', '1986-01-23', 1, 97000),
  ('Tanvi Deshpande',   '40 Shivajinagar, Pune',         'Female', 'tanvi.deshpande@empnexus.com',   '9876543251', '1990-05-30', 2, 69000),
  ('Vinay Acharya',     '63 Malleshwaram, Bangalore',    'Male',   'vinay.acharya@empnexus.com',     '9876543252', '1988-10-07', 3, 82000),
  ('Sarika Nambiar',    '86 Thrissur Rd, Kochi',         'Female', 'sarika.nambiar@empnexus.com',    '9876543253', '1993-02-14', 4, 63000),
  ('Deepak Chauhan',    '09 Vastrapur, Ahmedabad',       'Male',   'deepak.chauhan@empnexus.com',    '9876543254', '1985-06-21', 5, 81000),
  ('Usha Pillai',       '32 Pattom, Thiruvananthapuram', 'Female', 'usha.pillai@empnexus.com',       '9876543255', '1992-10-28', 6, 72000),
  ('Manoj Tomar',       '55 Lal Bangla, Kanpur',         'Male',   'manoj.tomar@empnexus.com',       '9876543256', '1991-03-07', 7, 104000),
  ('Poornima Bhat',     '78 Hebbal, Bangalore',          'Female', 'poornima.bhat@empnexus.com',     '9876543257', '1989-07-14', 8, 91000),
  ('Sunil Bajpai',      '01 Aminabad, Lucknow',          'Male',   'sunil.bajpai@empnexus.com',      '9876543258', '1994-11-21', 9, 56000),
  ('Renu Garg',         '24 Rajnagar, Ghaziabad',        'Female', 'renu.garg@empnexus.com',         '9876543259', '1996-03-28', 10, 71000),
  ('Ashok Chaudhary',   '47 Paldi, Ahmedabad',           'Male',   'ashok.chaudhary@empnexus.com',   '9876543260', '1987-08-05', 1, 93000),
  ('Bharati Wagle',     '70 Dadar, Mumbai',              'Female', 'bharati.wagle@empnexus.com',     '9876543261', '1991-12-12', 2, 67000),
  ('Chetan Parekh',     '93 Navrangpura, Ahmedabad',     'Male',   'chetan.parekh@empnexus.com',     '9876543262', '1988-04-19', 3, 84000),
  ('Dharini Venkatesan','16 Mylapore, Chennai',          'Female', 'dharini.venkatesan@empnexus.com','9876543263', '1993-08-26', 4, 65000),
  ('Eknath Patil',      '39 Nashik Rd, Nashik',          'Male',   'eknath.patil@empnexus.com',      '9876543264', '1984-01-02', 5, 79000),
  ('Fatima Sheikh',     '62 Shivaji Park, Pune',         'Female', 'fatima.sheikh@empnexus.com',     '9876543265', '1992-05-09', 6, 73000),
  ('Girish Kulkarni',   '85 Viman Nagar, Pune',          'Male',   'girish.kulkarni@empnexus.com',   '9876543266', '1990-09-16', 7, 106000),
  ('Hemlata Jain',      '08 C-Scheme, Jaipur',           'Female', 'hemlata.jain@empnexus.com',      '9876543267', '1989-01-23', 8, 86000),
  ('Irfan Khan',        '31 Begumbagh, Hyderabad',       'Male',   'irfan.khan@empnexus.com',        '9876543268', '1995-05-30', 9, 55000),
  ('Jayashree Rao',     '54 JP Nagar, Bangalore',        'Female', 'jayashree.rao@empnexus.com',     '9876543269', '1997-10-07', 10, 70000),
  ('Karthik Sundaram',  '77 Tambaram, Chennai',          'Male',   'karthik.sundaram@empnexus.com',  '9876543270', '1986-02-14', 1, 99000);

-- Logins (60, one per employee)
INSERT INTO Login (username, password, emp_id, role_id) VALUES
  ('admin',             'admin123',  1,  1),
  ('priya.patel',       'pass1234',  2,  5),
  ('rahul.gupta',       'pass1234',  3,  6),
  ('anjali.singh',      'pass1234',  4,  4),
  ('vikram.nair',       'pass1234',  5,  2),
  ('neha.reddy',        'pass1234',  6,  7),
  ('suresh.kumar',      'pass1234',  7, 10),
  ('kavita.desai',      'pass1234',  8,  3),
  ('amit.joshi',        'pass1234',  9,  8),
  ('deepa.menon',       'pass1234', 10,  3),
  ('rajesh.verma',      'pass1234', 11,  3),
  ('sunita.agarwal',    'pass1234', 12,  5),
  ('manish.tiwari',     'pass1234', 13,  6),
  ('ritu.saxena',       'pass1234', 14,  4),
  ('arun.pillai',       'pass1234', 15,  2),
  ('pooja.bhatt',       'pass1234', 16,  7),
  ('kiran.rao',         'pass1234', 17, 10),
  ('meena.krishnan',    'pass1234', 18,  3),
  ('anand.dubey',       'pass1234', 19,  8),
  ('shruti.mishra',     'pass1234', 20,  3),
  ('dev.chopra',        'pass1234', 21,  3),
  ('lalita.bose',       'pass1234', 22,  5),
  ('rohit.malhotra',    'pass1234', 23,  6),
  ('divya.kapoor',      'pass1234', 24,  4),
  ('sanjay.pandey',     'pass1234', 25,  2),
  ('nisha.kulkarni',    'pass1234', 26,  7),
  ('tarun.bansal',      'pass1234', 27, 10),
  ('ananya.ghosh',      'pass1234', 28,  3),
  ('vivek.srivastava',  'pass1234', 29,  8),
  ('preeti.narayanan',  'pass1234', 30,  3),
  ('gaurav.mehta',      'pass1234', 31,  3),
  ('shilpa.yadav',      'pass1234', 32,  5),
  ('prakash.iyer',      'pass1234', 33,  6),
  ('kavya.mohan',       'pass1234', 34,  4),
  ('nitin.shukla',      'pass1234', 35,  2),
  ('rashmi.chatterjee', 'pass1234', 36,  7),
  ('ankur.tripathi',    'pass1234', 37, 10),
  ('geeta.subramaniam', 'pass1234', 38,  3),
  ('harish.dixit',      'pass1234', 39,  8),
  ('madhuri.patil',     'pass1234', 40,  3),
  ('saurabh.sinha',     'pass1234', 41,  3),
  ('tanvi.deshpande',   'pass1234', 42,  5),
  ('vinay.acharya',     'pass1234', 43,  6),
  ('sarika.nambiar',    'pass1234', 44,  4),
  ('deepak.chauhan',    'pass1234', 45,  2),
  ('usha.pillai',       'pass1234', 46,  7),
  ('manoj.tomar',       'pass1234', 47, 10),
  ('poornima.bhat',     'pass1234', 48,  3),
  ('sunil.bajpai',      'pass1234', 49,  8),
  ('renu.garg',         'pass1234', 50,  3),
  ('ashok.chaudhary',   'pass1234', 51,  3),
  ('bharati.wagle',     'pass1234', 52,  5),
  ('chetan.parekh',     'pass1234', 53,  6),
  ('dharini.venkatesan','pass1234', 54,  4),
  ('eknath.patil',      'pass1234', 55,  2),
  ('fatima.sheikh',     'pass1234', 56,  7),
  ('girish.kulkarni',   'pass1234', 57, 10),
  ('hemlata.jain',      'pass1234', 58,  3),
  ('irfan.khan',        'pass1234', 59,  8),
  ('jayashree.rao',     'pass1234', 60,  9),
  ('karthik.sundaram',  'pass1234', 61,  3);

-- Payroll (60 records - Jan 2025)
INSERT INTO Payroll (emp_id, month, basic_salary, allowances, deductions, net_salary) VALUES
  (1, '2025-01', 95000, 15000, 9500,  100500),
  (2, '2025-01', 72000, 10000, 7200,  74800),
  (3, '2025-01', 88000, 12000, 8800,  91200),
  (4, '2025-01', 65000, 8000,  6500,  66500),
  (5, '2025-01', 82000, 11000, 8200,  84800),
  (6, '2025-01', 70000, 9000,  7000,  72000),
  (7, '2025-01', 110000,18000, 11000, 117000),
  (8, '2025-01', 90000, 13000, 9000,  94000),
  (9, '2025-01', 60000, 7000,  6000,  61000),
  (10,'2025-01', 75000, 10000, 7500,  77500),
  (11,'2025-01', 98000, 15000, 9800,  103200),
  (12,'2025-01', 68000, 9000,  6800,  70200),
  (13,'2025-01', 85000, 12000, 8500,  88500),
  (14,'2025-01', 62000, 8000,  6200,  63800),
  (15,'2025-01', 92000, 13000, 9200,  95800),
  (16,'2025-01', 74000, 10000, 7400,  76600),
  (17,'2025-01', 105000,17000, 10500, 111500),
  (18,'2025-01', 87000, 12000, 8700,  90300),
  (19,'2025-01', 58000, 7000,  5800,  59200),
  (20,'2025-01', 72000, 9000,  7200,  73800),
  (21,'2025-01', 94000, 14000, 9400,  98600),
  (22,'2025-01', 70000, 9000,  7000,  72000),
  (23,'2025-01', 83000, 11000, 8300,  85700),
  (24,'2025-01', 67000, 8000,  6700,  68300),
  (25,'2025-01', 80000, 11000, 8000,  83000),
  (26,'2025-01', 71000, 9000,  7100,  72900),
  (27,'2025-01', 108000,17000, 10800, 114200),
  (28,'2025-01', 89000, 12000, 8900,  92100),
  (29,'2025-01', 59000, 7000,  5900,  60100),
  (30,'2025-01', 73000, 9000,  7300,  74700),
  (31,'2025-01', 96000, 14000, 9600,  100400),
  (32,'2025-01', 66000, 8000,  6600,  67400),
  (33,'2025-01', 86000, 12000, 8600,  89400),
  (34,'2025-01', 64000, 8000,  6400,  65600),
  (35,'2025-01', 84000, 11000, 8400,  86600),
  (36,'2025-01', 75000, 10000, 7500,  77500),
  (37,'2025-01', 102000,16000, 10200, 107800),
  (38,'2025-01', 88000, 12000, 8800,  91200),
  (39,'2025-01', 57000, 7000,  5700,  58300),
  (40,'2025-01', 74000, 10000, 7400,  76600),
  (41,'2025-01', 97000, 14000, 9700,  101300),
  (42,'2025-01', 69000, 9000,  6900,  71100),
  (43,'2025-01', 82000, 11000, 8200,  84800),
  (44,'2025-01', 63000, 8000,  6300,  64700),
  (45,'2025-01', 81000, 11000, 8100,  83900),
  (46,'2025-01', 72000, 9000,  7200,  73800),
  (47,'2025-01', 104000,16000, 10400, 109600),
  (48,'2025-01', 91000, 13000, 9100,  94900),
  (49,'2025-01', 56000, 7000,  5600,  57400),
  (50,'2025-01', 71000, 9000,  7100,  72900),
  (51,'2025-01', 93000, 13000, 9300,  96700),
  (52,'2025-01', 67000, 8000,  6700,  68300),
  (53,'2025-01', 84000, 11000, 8400,  86600),
  (54,'2025-01', 65000, 8000,  6500,  66500),
  (55,'2025-01', 79000, 10000, 7900,  81100),
  (56,'2025-01', 73000, 9000,  7300,  74700),
  (57,'2025-01', 106000,17000, 10600, 112400),
  (58,'2025-01', 86000, 12000, 8600,  89400),
  (59,'2025-01', 55000, 7000,  5500,  56500),
  (60,'2025-01', 70000, 9000,  7000,  72000),
  (61,'2025-01', 99000, 15000, 9900,  104100);

-- Payroll Feb 2025 (10 records)
INSERT INTO Payroll (emp_id, month, basic_salary, allowances, deductions, net_salary) VALUES
  (1, '2025-02', 95000, 15000, 9500,  100500),
  (2, '2025-02', 72000, 10000, 7200,  74800),
  (3, '2025-02', 88000, 12000, 8800,  91200),
  (4, '2025-02', 65000, 8000,  6500,  66500),
  (5, '2025-02', 82000, 11000, 8200,  84800),
  (6, '2025-02', 70000, 9000,  7000,  72000),
  (7, '2025-02', 115000,18000, 11500, 121500),
  (8, '2025-02', 90000, 13000, 9000,  94000),
  (9, '2025-02', 60000, 7000,  6000,  61000),
  (10,'2025-02', 75000, 10000, 7500,  77500);




-- Attendance: for first 15 employees over several days (75 rows)
INSERT INTO Attendance (emp_id, date, status) VALUES
  (1,'2025-01-06','Present'),(1,'2025-01-07','Present'),(1,'2025-01-08','Present'),(1,'2025-01-09','Leave'),(1,'2025-01-10','Present'),
  (2,'2025-01-06','Present'),(2,'2025-01-07','Absent'),(2,'2025-01-08','Present'),(2,'2025-01-09','Present'),(2,'2025-01-10','Present'),
  (3,'2025-01-06','Present'),(3,'2025-01-07','Present'),(3,'2025-01-08','Leave'),(3,'2025-01-09','Present'),(3,'2025-01-10','Present'),
  (4,'2025-01-06','Absent'),(4,'2025-01-07','Present'),(4,'2025-01-08','Present'),(4,'2025-01-09','Present'),(4,'2025-01-10','Holiday'),
  (5,'2025-01-06','Present'),(5,'2025-01-07','Present'),(5,'2025-01-08','Present'),(5,'2025-01-09','Absent'),(5,'2025-01-10','Present'),
  (6,'2025-01-06','Present'),(6,'2025-01-07','Present'),(6,'2025-01-08','Present'),(6,'2025-01-09','Present'),(6,'2025-01-10','Present'),
  (7,'2025-01-06','Present'),(7,'2025-01-07','Leave'),(7,'2025-01-08','Leave'),(7,'2025-01-09','Present'),(7,'2025-01-10','Present'),
  (8,'2025-01-06','Present'),(8,'2025-01-07','Present'),(8,'2025-01-08','Present'),(8,'2025-01-09','Present'),(8,'2025-01-10','Absent'),
  (9,'2025-01-06','Absent'),(9,'2025-01-07','Absent'),(9,'2025-01-08','Present'),(9,'2025-01-09','Present'),(9,'2025-01-10','Present'),
  (10,'2025-01-06','Present'),(10,'2025-01-07','Present'),(10,'2025-01-08','Holiday'),(10,'2025-01-09','Present'),(10,'2025-01-10','Present'),
  (11,'2025-01-06','Present'),(11,'2025-01-07','Present'),(11,'2025-01-08','Present'),(11,'2025-01-09','Present'),(11,'2025-01-10','Present'),
  (12,'2025-01-06','Leave'),(12,'2025-01-07','Leave'),(12,'2025-01-08','Present'),(12,'2025-01-09','Present'),(12,'2025-01-10','Present'),
  (13,'2025-01-06','Present'),(13,'2025-01-07','Present'),(13,'2025-01-08','Present'),(13,'2025-01-09','Absent'),(13,'2025-01-10','Present'),
  (14,'2025-01-06','Present'),(14,'2025-01-07','Present'),(14,'2025-01-08','Present'),(14,'2025-01-09','Present'),(14,'2025-01-10','Present'),
  (15,'2025-01-06','Absent'),(15,'2025-01-07','Present'),(15,'2025-01-08','Present'),(15,'2025-01-09','Present'),(15,'2025-01-10','Present');

-- Leave requests (52)
INSERT INTO Leave (emp_id, start_date, end_date, leave_type, reason, status) VALUES
  (1, '2025-01-09','2025-01-09','Casual',   'Personal work',            'Approved'),
  (2, '2025-01-20','2025-01-22','Sick',     'Fever',                    'Approved'),
  (3, '2025-02-03','2025-02-05','Casual',   'Family function',          'Approved'),
  (4, '2025-01-15','2025-01-16','Earned',   'Vacation',                 'Approved'),
  (5, '2025-02-10','2025-02-12','Sick',     'Cold and cough',           'Pending'),
  (6, '2025-01-28','2025-01-31','Earned',   'Festival trip',            'Approved'),
  (7, '2025-01-07','2025-01-08','Casual',   'Family ceremony',          'Approved'),
  (8, '2025-02-17','2025-02-19','Sick',     'Migraine',                 'Pending'),
  (9, '2025-01-06','2025-01-07','Casual',   'Emergency',                'Approved'),
  (10,'2025-02-24','2025-02-25','Earned',   'Short trip',               'Pending'),
  (11,'2025-01-13','2025-01-14','Casual',   'Personal work',            'Approved'),
  (12,'2025-01-06','2025-01-07','Sick',     'Back pain',                'Approved'),
  (13,'2025-02-03','2025-02-03','Casual',   'Bank work',                'Approved'),
  (14,'2025-01-20','2025-01-21','Earned',   'Short vacation',           'Rejected'),
  (15,'2025-02-10','2025-02-11','Sick',     'Viral fever',              'Pending'),
  (16,'2025-01-27','2025-01-28','Casual',   'Personal',                 'Approved'),
  (17,'2025-02-17','2025-02-20','Earned',   'Annual vacation',          'Approved'),
  (18,'2025-01-13','2025-01-14','Sick',     'Stomach infection',        'Approved'),
  (19,'2025-01-06','2025-01-06','Casual',   'Emergency',                'Approved'),
  (20,'2025-02-24','2025-02-28','Maternity','Maternity leave',          'Approved'),
  (21,'2025-01-20','2025-01-21','Casual',   'Personal work',            'Approved'),
  (22,'2025-02-03','2025-02-04','Sick',     'Cold',                     'Pending'),
  (23,'2025-01-27','2025-01-29','Earned',   'Family trip',              'Approved'),
  (24,'2025-02-10','2025-02-10','Casual',   'Bank work',                'Approved'),
  (25,'2025-01-13','2025-01-14','Sick',     'Fever',                    'Approved'),
  (26,'2025-02-17','2025-02-18','Casual',   'Personal',                 'Pending'),
  (27,'2025-01-06','2025-01-07','Earned',   'Short break',              'Approved'),
  (28,'2025-02-24','2025-02-25','Sick',     'Throat infection',         'Pending'),
  (29,'2025-01-20','2025-01-20','Casual',   'Emergency',                'Approved'),
  (30,'2025-02-03','2025-02-07','Earned',   'Vacation',                 'Approved'),
  (31,'2025-01-27','2025-01-28','Casual',   'Personal work',            'Approved'),
  (32,'2025-02-10','2025-02-11','Sick',     'Migraine',                 'Pending'),
  (33,'2025-01-13','2025-01-15','Earned',   'Family function',          'Approved'),
  (34,'2025-02-17','2025-02-17','Casual',   'Bank work',                'Approved'),
  (35,'2025-01-06','2025-01-07','Sick',     'Cold and fever',           'Approved'),
  (36,'2025-02-24','2025-02-26','Earned',   'Short trip',               'Pending'),
  (37,'2025-01-20','2025-01-21','Casual',   'Personal',                 'Approved'),
  (38,'2025-02-03','2025-02-05','Sick',     'Viral infection',          'Approved'),
  (39,'2025-01-27','2025-01-27','Casual',   'Emergency',                'Approved'),
  (40,'2025-02-10','2025-02-14','Earned',   'Annual vacation',          'Rejected'),
  (41,'2025-01-13','2025-01-14','Sick',     'Back sprain',              'Approved'),
  (42,'2025-02-17','2025-02-17','Casual',   'Personal work',            'Pending'),
  (43,'2025-01-06','2025-01-08','Earned',   'Family ceremony',          'Approved'),
  (44,'2025-02-24','2025-02-25','Sick',     'Allergy',                  'Pending'),
  (45,'2025-01-20','2025-01-20','Casual',   'Bank work',                'Approved'),
  (46,'2025-02-03','2025-02-05','Earned',   'Short trip',               'Approved'),
  (47,'2025-01-27','2025-01-28','Sick',     'Fever',                    'Approved'),
  (48,'2025-02-10','2025-02-11','Casual',   'Personal',                 'Pending'),
  (49,'2025-01-13','2025-01-13','Casual',   'Emergency',                'Approved'),
  (50,'2025-02-17','2025-02-21','Earned',   'Vacation',                 'Approved'),
  (51,'2025-01-06','2025-01-07','Sick',     'Headache',                 'Approved'),
  (52,'2025-02-24','2025-02-24','Casual',   'Personal work',            'Pending');

-- Projects (12)
INSERT INTO Project (name, start_date, end_date, status) VALUES
  ('EmpNexus Portal',       '2024-01-15', '2024-12-31', 'Completed'),
  ('HR Analytics Dashboard','2024-03-01', '2024-09-30', 'Completed'),
  ('Payroll Automation',    '2024-06-01', NULL,          'Active'),
  ('Cloud Migration',       '2024-08-01', NULL,          'Active'),
  ('Mobile App v2',         '2024-09-15', NULL,          'Active'),
  ('Data Warehouse',        '2024-10-01', NULL,          'Active'),
  ('AI Recruitment Tool',   '2024-11-01', NULL,          'Active'),
  ('Leave Management v3',   '2025-01-01', NULL,          'Active'),
  ('Security Audit',        '2025-01-15', '2025-03-31', 'Active'),
  ('Performance Review App','2025-02-01', NULL,          'Active'),
  ('Client Portal',         '2024-07-01', '2024-12-15', 'Completed'),
  ('ERP Integration',       '2025-02-15', NULL,          'On Hold');

-- Employee_Project (60+ assignments)
INSERT INTO Employee_Project (emp_id, project_id, assigned_on, role) VALUES
  (1, 1, '2024-01-15', 'Lead Developer'),
  (2, 1, '2024-01-15', 'HR Coordinator'),
  (3, 1, '2024-01-20', 'Backend Developer'),
  (4, 1, '2024-02-01', 'Analyst'),
  (8, 1, '2024-02-01', 'Frontend Developer'),
  (1, 2, '2024-03-01', 'Tech Lead'),
  (4, 2, '2024-03-01', 'Data Analyst'),
  (10,2, '2024-03-05', 'Developer'),
  (18,2, '2024-03-10', 'Backend Developer'),
  (31,2, '2024-04-01', 'QA Engineer'),
  (1, 3, '2024-06-01', 'Architect'),
  (3, 3, '2024-06-01', 'Developer'),
  (13,3, '2024-06-05', 'Backend Dev'),
  (23,3, '2024-07-01', 'Developer'),
  (33,3, '2024-07-01', 'QA'),
  (1, 4, '2024-08-01', 'Cloud Architect'),
  (10,4, '2024-08-01', 'DevOps Engineer'),
  (21,4, '2024-08-10', 'Developer'),
  (31,4, '2024-09-01', 'Tester'),
  (41,4, '2024-09-01', 'Support'),
  (8, 5, '2024-09-15', 'Lead Developer'),
  (18,5, '2024-09-15', 'Mobile Dev'),
  (28,5, '2024-10-01', 'UI Designer'),
  (38,5, '2024-10-01', 'Backend Dev'),
  (48,5, '2024-10-15', 'QA Engineer'),
  (3, 6, '2024-10-01', 'Data Engineer'),
  (13,6, '2024-10-01', 'Backend Dev'),
  (23,6, '2024-10-10', 'ETL Specialist'),
  (43,6, '2024-11-01', 'Developer'),
  (53,6, '2024-11-01', 'Analyst'),
  (2, 7, '2024-11-01', 'HR Specialist'),
  (4, 7, '2024-11-01', 'Analyst'),
  (14,7, '2024-11-10', 'Developer'),
  (24,7, '2024-12-01', 'Researcher'),
  (34,7, '2024-12-01', 'QA'),
  (2, 8, '2025-01-01', 'Project Manager'),
  (12,8, '2025-01-01', 'HR Coordinator'),
  (22,8, '2025-01-10', 'Developer'),
  (32,8, '2025-01-10', 'Tester'),
  (42,8, '2025-02-01', 'Analyst'),
  (7, 9, '2025-01-15', 'Security Lead'),
  (17,9, '2025-01-15', 'Auditor'),
  (27,9, '2025-01-20', 'Developer'),
  (37,9, '2025-02-01', 'Analyst'),
  (47,9, '2025-02-01', 'Tester'),
  (5, 10,'2025-02-01', 'Project Manager'),
  (15,10,'2025-02-01', 'Developer'),
  (25,10,'2025-02-10', 'Analyst'),
  (35,10,'2025-02-10', 'Designer'),
  (45,10,'2025-02-15', 'QA'),
  (6, 11,'2024-07-01', 'Sales Lead'),
  (16,11,'2024-07-01', 'Developer'),
  (26,11,'2024-08-01', 'Tester'),
  (36,11,'2024-08-01', 'Analyst'),
  (46,11,'2024-09-01', 'Support'),
  (1, 12,'2025-02-15', 'ERP Architect'),
  (3, 12,'2025-02-15', 'Developer'),
  (11,12,'2025-02-20', 'Analyst'),
  (21,12,'2025-02-20', 'Tester'),
  (51,12,'2025-02-25', 'Support');
